"requestId","completion","prompt","timestamp"
"552fc735-be96-4397-bec6-7187d90c0a9f","""## Treino Personalizado - Hipertrofia (3x por semana, 30-45 min, Manhã)\n\n**Objetivo:** Ganho de massa muscular com foco em treino de força, utilizando halteres e barras, com alta prioridade para exercícios aeróbicos.\n\n**Frequência:** 3 vezes por semana (ex: Segunda, Quarta e Sexta).\n\n**Duração:** 30-45 minutos por sessão.\n\n**Equipamentos:** Halteres e barras.\n\n**Estrutura:**\n\n**Aquecimento (5-10 min):**\n\n* 5 minutos de caminhada leve ou bicicleta ergométrica.\n* Mobilidade dinâmica: rotações de quadril, elevação de joelhos, swings de perna, rotação de ombros, rotações de pescoço.\n\n**Treino de Força (20-30 min):**\n\n* **Dia 1:**\n    * **Peito:** Supino Inclinado com Halteres (3 séries de 8-12 repetições)\n    * **Costas:** Remada Inclinada com Halteres (3 séries de 8-12 repetições)\n    * **Ombros:** Desenvolvimento com Halteres (3 séries de 8-12 repetições)\n    * **Tríceps:** Mergulho (3 séries de 10-15 repetições)\n    * **Bíceps:** Rosca Direta com Halteres (3 séries de 10-15 repetições)\n* **Dia 2:**\n    * **Pernas:** Agachamento Livre (3 séries de 8-12 repetições)\n    * **Pernas:** Lunges (3 séries de 10-15 repetições por perna)\n    * **Panturrilhas:** Elevação de Panturrilha (3 séries de 15-20 repetições)\n    * **Abdome:** Abdominal (3 séries de 15-20 repetições)\n* **Dia 3:**\n    * **Peito:** Supino Reto com Barra (3 séries de 8-12 repetições)\n    * **Costas:** Remada Curvada com Barra (3 séries de 8-12 repetições)\n    * **Ombros:** Elevação Lateral com Halteres (3 séries de 10-15 repetições)\n    * **Tríceps:** Extensão de Tríceps com Barra (3 séries de 10-15 repetições)\n    * **Bíceps:** Rosca Alternada com Halteres (3 séries de 10-15 repetições)\n\n**Exercícios Aeróbicos (10-15 min):**\n\n* Caminhada rápida, corrida, ciclismo, natação ou qualquer atividade que eleve o ritmo cardíaco. \n\n**Alongamento (5-10 min):**\n\n* Alongamento estático para os principais grupos musculares trabalhados no treino.\n\n**Dicas Importantes:**\n\n* Ajuste o peso de acordo com o seu nível de força. Utilize uma carga desafiadora, mas que permita a execução correta dos movimentos com boa técnica.\n* Descanse 60-90 segundos entre as séries e 2-3 minutos entre os exercícios.\n* Aumente gradualmente o peso ou a dificuldade dos exercícios conforme você for ficando mais forte.\n* Varie os exercícios de acordo com a sua preferência e disponibilidade de equipamentos.\n* Consulte um médico antes de iniciar qualquer programa de exercícios físicos. \n* Se você sentir qualquer dor, pare o exercício e procure orientação médica.\n\n**Importante:** Este treino é apenas uma sugestão. É fundamental adaptá-lo de acordo com as suas necessidades, preferências e evolução. \n\n**Recomendações:**\n\n* **Dieta:** Para maximizar o ganho de massa muscular, é fundamental consumir uma dieta rica em proteínas, carboidratos complexos e gorduras saudáveis. \n* **Descanso:** Durma de 7 a 9 horas por noite para permitir que seus músculos se recuperem e cresçam.\n* **Hidratação:** Beba bastante água durante o dia para manter-se hidratado e otimizar o desempenho do seu treino.\n\n**Lembre-se:** O sucesso do seu treino depende da sua dedicação e constância. Mantenha a disciplina, ajuste o treino conforme necessário e busque acompanhamento profissional para alcançar os melhores resultados.""","""{""""method"""":""""POST"""",""""payload"""":{""""Qual o seu gênero?"""":""""Masculino"""",""""Com que frequência você gostaria de treinar por semana?"""":""""3 vezes por semana"""",""""Quanto tempo você tem disponível para cada treino?"""":""""30 a 45 minutos"""",""""Qual período do dia você prefere treinar?"""":""""Manhã"""",""""Qual é o seu objetivo principal no momento?"""":""""Hipertrofia (ganho de massa muscular)"""",""""Você tem preferência por algum tipo de treino específico?"""":""""Treino de força"""",""""Qual é o seu nível atual de condicionamento físico?"""":""""Moderadamente ativo"""",""""Você prefere treinar com:"""":""""Peso livre (halteres, barras)"""",""""Você possui algum equipamento disponível para treinar?"""":""""Halteres e barras"""",""""Você gostaria de incluir exercícios aeróbicos no seu treino?"""":""""Sim, com alta prioridade"""",""""Você tem alguma restrição médica que limite a prática de exercícios físicos?"""":""""Não"""",""""Qual é a sua maior dificuldade em relação ao treino?"""":""""Tempo para treinar""""}}""","2024-11-12T02:39:47.483Z"
"7e347451-1741-48e6-8c94-76bbf7e89c25","""## Treino de Musculação Personalizado\n\n**Olá!** Com base nas informações que você me forneceu, preparei um treino de musculação personalizado para você. \n\n**Objetivo:** Melhora do condicionamento físico com foco em HIIT, utilizando halteres e barras, 5 vezes por semana, com duração de menos de 30 minutos.\n\n**Importante:** Consulte um médico antes de iniciar qualquer programa de exercícios, especialmente se você tiver alguma condição médica preexistente. \n\n**Aquecimento (5 minutos):**\n\n* **Rotação de ombros:** 10 repetições para cada lado.\n* **Agachamentos:** 10 repetições.\n* **Elevação de perna:** 10 repetições para cada perna.\n* **Jumping jacks:** 30 segundos.\n\n**Treino (20 minutos):**\n\n**Circuito 1 (Repetir 3 vezes, com 30 segundos de descanso entre as séries):**\n\n1. **Flexões:** 10 repetições (ajuste a dificuldade usando os joelhos, se necessário).\n2. **Agachamentos com halteres:** 12 repetições.\n3. **Remada com halteres:** 10 repetições para cada lado.\n4. **Supino com barra:** 8 repetições.\n5. **Flexões de bíceps com halteres:** 12 repetições.\n\n**Circuito 2 (Repetir 3 vezes, com 30 segundos de descanso entre as séries):**\n\n1. **Burpees:** 10 repetições.\n2. **Deadlifts:** 8 repetições.\n3. **Bicicleta:** 30 segundos.\n4. **Puxadas laterais com halteres:** 10 repetições para cada lado.\n5. **Flexões de tríceps com halteres:** 12 repetições.\n\n**Alongamento (5 minutos):**\n\n* **Alongamento do peito:** 30 segundos para cada lado.\n* **Alongamento do ombro:** 30 segundos para cada lado.\n* **Alongamento das costas:** 30 segundos.\n* **Alongamento do quadríceps:** 30 segundos para cada lado.\n* **Alongamento do isquiotibial:** 30 segundos para cada lado.\n\n**Dicas:**\n\n* Comece com o peso mais leve que consiga levantar confortavelmente e aumente gradualmente conforme for ficando mais forte. \n* Mantenha a postura correta durante os exercícios e concentre-se na técnica para evitar lesões.\n* Beba bastante água antes, durante e após o treino.\n* Ajuste o treino de acordo com suas necessidades e preferências. \n* Se você estiver se sentindo dolorido, faça uma pausa.\n\n**Exercícios aeróbicos:**\n\nVocê pode incluir exercícios aeróbicos, como corrida, ciclismo ou natação, em dias alternados ao treino de musculação, de acordo com sua preferência.\n\n**Progressão:**\n\n* Aumente o número de repetições ou séries conforme necessário.\n* Aumente o peso dos halteres gradualmente.\n* Adicione novos exercícios ao treino.\n\n**Lembre-se:** A consistência é a chave para resultados. Mantenha um ritmo regular de treino e você começará a notar os benefícios em seu condicionamento físico.\n\n**Espero que este treino personalizado te ajude a alcançar seus objetivos!** \n""","""{""""Qual o seu genêro?"""":""""Masculino"""",""""Com que frequência você gostaria de treinar por semana?"""":""""5 vezes por semana"""",""""Quanto tempo você tem disponível para cada treino?"""":""""Menos de 30 minutos"""",""""Qual período do dia você prefere treinar?"""":""""Noite"""",""""Qual é o seu objetivo principal no momento?"""":""""Melhora do condicionamento físico"""",""""Você tem preferência por algum tipo de treino específico?"""":""""Treino intervalado de alta intensidade (HIIT)"""",""""Qual é o seu nível atual de condicionamento físico?"""":""""Ativo ocasionalmente"""",""""Você prefere treinar com:"""":""""Peso livre (halteres, barras)"""",""""Você possui algum equipamento disponível para treinar?"""":""""Halteres e barras"""",""""Você gostaria de incluir exercícios aeróbicos no seu treino?"""":""""Sim, mas com baixa prioridade"""",""""Você tem alguma restrição médica que limite a prática de exercícios físicos?"""":""""Não""""}""","2024-11-12T14:11:58.385Z"
"a8949dd6-0c3b-4ccb-9257-0eeaf0dd9617","""## Treino de Musculação Personalizado -  5x por Semana (Mais de 1 hora)\n\n**Objetivo:** Perda de gordura com foco em força.\n\n**Nível:** Ativo ocasionalmente.\n\n**Equipamento:** Máquina de musculação.\n\n**Frequência:** 5 vezes por semana, tarde.\n\n**Duração:** Mais de 1 hora.\n\n**Prioridade:** Treino de força com exercícios aeróbicos de baixa prioridade.\n\n\n**Estrutura do Treino:**\n\n* **Aquecimento:** 10 minutos de cardio leve, como caminhada na esteira ou bicicleta, seguido de mobilidade dinâmica (ex: rotações de quadril, swings de perna, rotação de tronco).\n* **Treino de força:** 45-60 minutos, com foco em exercícios compostos para múltiplos grupos musculares. \n* **Exercícios aeróbicos:** 15-20 minutos de intensidade moderada (ex: caminhada rápida, corrida leve na esteira).\n* **Alongamento:** 10 minutos de alongamento estático.\n\n**Programa de Treinamento (5 Dias):**\n\n**Dia 1: Pernas e Glúteos**\n\n* **Agachamento livre (com barra ou máquina):** 3 séries de 8-12 repetições.\n* **Step-up (com plataforma ou caixa):** 3 séries de 10-15 repetições.\n* **Deadlifts (com barra ou máquina):** 3 séries de 6-8 repetições.\n* **Leg press (máquina):** 3 séries de 10-15 repetições.\n* **Extensão de perna (máquina):** 3 séries de 12-15 repetições.\n* **Flexão de perna (máquina):** 3 séries de 12-15 repetições.\n\n\n**Dia 2: Peito e Tríceps**\n\n* **Supino (com barra ou máquina):** 3 séries de 8-12 repetições.\n* **Flexões (no chão ou em paralelas):** 3 séries de 10-15 repetições.\n* **Crucifixo (com halteres ou máquina):** 3 séries de 12-15 repetições.\n* **Mergulho (em banco ou paralelas):** 3 séries de 10-15 repetições.\n* **Extensão de tríceps (com barra ou máquina):** 3 séries de 12-15 repetições.\n* **Flexão de tríceps (com halteres):** 3 séries de 12-15 repetições.\n\n\n**Dia 3: Costas e Bíceps**\n\n* **Remada (com barra ou máquina):** 3 séries de 8-12 repetições.\n* **Puxada (com barra ou máquina):** 3 séries de 10-15 repetições.\n* **Remada unilateral (com halteres):** 3 séries de 10-15 repetições.\n* **Pull-overs (com halteres ou máquina):** 3 séries de 12-15 repetições.\n* **Rosca direta (com barra ou halteres):** 3 séries de 10-15 repetições.\n* **Rosca inversa (com barra ou halteres):** 3 séries de 10-15 repetições.\n\n\n**Dia 4: Ombros e Abdômen**\n\n* **Elevação lateral (com halteres):** 3 séries de 12-15 repetições.\n* **Elevação frontal (com halteres):** 3 séries de 12-15 repetições.\n* **Press militar (com barra ou halteres):** 3 séries de 8-12 repetições.\n* **Remada alta (com barra ou máquina):** 3 séries de 10-15 repetições.\n* **Abdominais (diversos exercícios):** 3 séries de 15-20 repetições (ex: crunches, planks, leg raises).\n\n\n**Dia 5: Descanso Ativo**\n\n* Caminhada leve, yoga, natação ou alongamento.\n\n**Observações:**\n\n* Ajuste a carga e o número de repetições de acordo com sua força e resistência.\n* Utilize a técnica correta para evitar lesões.\n* Consulte um profissional de saúde caso tenha alguma condição médica.\n* Descanse 1-2 minutos entre as séries e 2-3 minutos entre os exercícios.\n* Beba água suficiente durante e após o treino.\n\n**Dicas:**\n\n* Aumente gradualmente o peso e a intensidade do treino à medida que for ficando mais forte.\n* Faça pequenos ajustes no treino para evitar platôs.\n* Mantenha uma dieta saudável e rica em proteínas e fibras para auxiliar na perda de gordura e ganho de massa muscular.\n* Procure variar os exercícios e a ordem deles a cada semana para evitar a adaptação do corpo.\n* Seja consistente e persistente com seu treino para alcançar seus objetivos.\n\n**Lembre-se:** este é apenas um exemplo de treino e pode ser ajustado de acordo com suas preferências e necessidades. É fundamental consultar um profissional de educação física para um acompanhamento personalizado e seguro.""","""{""""Qual o seu genêro?"""":""""Feminino"""",""""Com que frequência você gostaria de treinar por semana?"""":""""5 vezes por semana"""",""""Quanto tempo você tem disponível para cada treino?"""":""""Mais de 1 hora"""",""""Qual período do dia você prefere treinar?"""":""""Tarde"""",""""Qual é o seu objetivo principal no momento?"""":""""Perda de gordura"""",""""Você tem preferência por algum tipo de treino específico?"""":""""Treino de força"""",""""Qual é o seu nível atual de condicionamento físico?"""":""""Ativo ocasionalmente"""",""""Você prefere treinar com:"""":""""Máquinas"""",""""Você possui algum equipamento disponível para treinar?"""":""""Máquina de musculação"""",""""Você gostaria de incluir exercícios aeróbicos no seu treino?"""":""""Sim, mas com baixa prioridade"""",""""Você tem alguma restrição médica que limite a prática de exercícios físicos?"""":""""Não""""}""","2024-11-12T03:20:57.955Z"
"15ffdf6f-d082-4886-bc01-21a58a7b2453","""## Treino de Hipertrofia Personalizado - 3x por semana (30-45 min)\n\n**Objetivo:** Ganho de massa muscular com foco em força, utilizando pesos livres.\n\n**Nível:** Moderadamente ativo\n\n**Duração:** 30-45 minutos por sessão\n\n**Frequência:** 3 vezes por semana\n\n**Prioridade:** Alta em exercícios aeróbicos\n\n**Equipamento:** Halteres e barras\n\n**Estrutura do Treino:**\n\n* **Aquecimento (5-10 min):** \n    *  5 minutos de caminhada leve ou bicicleta ergométrica.\n    *  Mobilidade dinâmica: rotação de quadril, elevação de perna, rotação de ombro, agachamentos com rotação de tronco.\n* **Treino de Força (20-30 min):**\n    * **Dia 1:** Peito e Tríceps\n        * Supino Inclinado com Halteres (3 séries de 8-12 repetições)\n        * Supino Reto com Barra (3 séries de 8-12 repetições)\n        * Flexões (3 séries de falha muscular)\n        * Triceps Testa (3 séries de 8-12 repetições)\n        * Triceps Banco (3 séries de 8-12 repetições)\n    * **Dia 2:** Costas e Bíceps\n        * Remada Curvada com Barra (3 séries de 8-12 repetições)\n        * Remada Unilateral com Halteres (3 séries de 8-12 repetições)\n        * Pull-Ups (3 séries de máximo de repetições)\n        * Rosca Direta com Halteres (3 séries de 8-12 repetições)\n        * Rosca Inversa com Halteres (3 séries de 8-12 repetições)\n    * **Dia 3:** Pernas e Ombros\n        * Agachamento Livre (3 séries de 8-12 repetições)\n        * Lunges (3 séries de 10-15 repetições por perna)\n        * Leg Press (3 séries de 10-15 repetições)\n        * Desenvolvimento de Ombros com Halteres (3 séries de 8-12 repetições)\n        * Elevação Lateral com Halteres (3 séries de 10-15 repetições)\n        * Elevação Frontal com Halteres (3 séries de 10-15 repetições)\n* **Exercícios Aeróbicos (10-15 min):**\n    * Corrida na esteira, bicicleta, elíptico ou jump rope.\n    * Intensidade moderada a alta, com foco na queima de calorias e condicionamento cardiovascular.\n* **Alongamento (5 min):**\n    * Alongamento estático dos principais grupos musculares trabalhados.\n\n**Dicas:**\n\n* **Tempo de descanso:** 60 segundos entre as séries.\n* **Intensidade:** Utilize uma carga desafiadora, mas que permita a execução correta da técnica.\n* **Progressão:** Aumente o peso ou o número de repetições gradualmente conforme você for ficando mais forte.\n* **Hidratação:** Beba bastante água antes, durante e após o treino.\n* **Nutrição:** Consuma uma dieta rica em proteínas, carboidratos e gorduras saudáveis para auxiliar na recuperação muscular e no ganho de massa.\n* **Descanso:** Durma pelo menos 7 horas por noite para permitir a recuperação muscular.\n* **Ouça seu corpo:** Se sentir dor, pare o exercício e procure ajuda profissional.\n\n**Observação:** Este é um treino de exemplo, que pode ser adaptado às suas necessidades e preferências. Consulte um profissional de saúde para um plano de treino personalizado e seguro para você.\n""","{""Você prefere treinar com:"":{""S"":""Peso livre (halteres, barras)""},""Qual é o seu nível atual de condicionamento físico?"":{""S"":""Moderadamente ativo""},""Você tem preferência por algum tipo de treino específico?"":{""S"":""Treino de força""},""Qual é o seu objetivo principal no momento?"":{""S"":""Hipertrofia (ganho de massa muscular)""},""Você tem alguma restrição médica que limite a prática de exercícios físicos?"":{""S"":""Não""},""Qual o seu gênero?"":{""S"":""Masculino""},""Qual é a sua maior dificuldade em relação ao treino?"":{""S"":""Tempo para treinar""},""Qual período do dia você prefere treinar?"":{""S"":""Manhã""},""Quanto tempo você tem disponível para cada treino?"":{""S"":""30 a 45 minutos""},""Você possui algum equipamento disponível para treinar?"":{""S"":""Halteres e barras""},""Com que frequência você gostaria de treinar por semana?"":{""S"":""3 vezes por semana""},""Você gostaria de incluir exercícios aeróbicos no seu treino?"":{""S"":""Sim, com alta prioridade""}}","2024-11-12T02:39:21.922Z"
"64fc1470-bd51-4fd5-851b-a81a770a0f26","""## Treino de Musculação Personalizado - Foco em Perda de Gordura\n\n**Objetivo:** Perda de gordura através de treino de força com foco em hipertrofia muscular, utilizando máquinas.\n\n**Frequência:** 5 vezes por semana, com 30-45 minutos por sessão.\n\n**Horário:** Tarde\n\n**Nível:** Ativo ocasionalmente.\n\n**Equipamentos:** Máquina de musculação.\n\n**Prioridade de exercícios aeróbicos:** Baixa.\n\n**Observações:**\n\n* Adaptaremos os exercícios à sua disponibilidade de tempo e equipamentos.\n* O treino pode ser ajustado de acordo com sua evolução e feedback.\n* É importante escutar seu corpo e descansar quando necessário.\n\n**Treino:**\n\n**Segunda-feira:**\n\n* **Peito:**\n    * Supino Inclinado (3 séries de 8-12 repetições)\n    * Crucifixo Inclinado (3 séries de 10-15 repetições)\n    * Flexões (3 séries de máximo de repetições)\n* **Tríceps:**\n    * Extensão de tríceps na máquina (3 séries de 8-12 repetições)\n    * Mergulho (3 séries de máximo de repetições)\n    * Triceps Pushdown (3 séries de 10-15 repetições)\n* **Abdome:**\n    * Abdominal (3 séries de 15-20 repetições)\n    * Prancha (3 séries de 30-60 segundos)\n\n**Terça-feira:**\n\n* **Costas:**\n    * Remada baixa na máquina (3 séries de 8-12 repetições)\n    * Remada alta na máquina (3 séries de 10-15 repetições)\n    * Pull-ups (3 séries de máximo de repetições)\n* **Bíceps:**\n    * Rosca direta na máquina (3 séries de 8-12 repetições)\n    * Rosca alternada (3 séries de 10-15 repetições)\n    * Rosca concentrada (3 séries de 15-20 repetições)\n* **Abdome:**\n    * Elevação de perna (3 séries de 15-20 repetições)\n    * Russian Twist (3 séries de 15-20 repetições)\n\n**Quarta-feira:**\n\n* **Descanso ativo:** Caminhada leve de 30-45 minutos ou treino aeróbico de baixa intensidade (bicicleta, esteira)\n\n**Quinta-feira:**\n\n* **Pernas:**\n    * Agachamento na máquina (3 séries de 8-12 repetições)\n    * Leg Press (3 séries de 10-15 repetições)\n    * Extensão de perna (3 séries de 15-20 repetições)\n* **Ombros:**\n    * Desenvolvimento de ombros na máquina (3 séries de 8-12 repetições)\n    * Elevação lateral (3 séries de 10-15 repetições)\n    * Elevação frontal (3 séries de 15-20 repetições)\n* **Abdome:**\n    * Abdominal Invertido (3 séries de 15-20 repetições)\n    * Bicycle Crunch (3 séries de 15-20 repetições)\n\n**Sexta-feira:**\n\n* **Costas:**\n    * Remada unilateral na máquina (3 séries de 8-12 repetições)\n    * Pullover (3 séries de 10-15 repetições)\n    * Deadlift (3 séries de máximo de repetições)\n* **Bíceps:**\n    * Rosca Scott (3 séries de 8-12 repetições)\n    * Rosca Hammer (3 séries de 10-15 repetições)\n    * Rosca concentrada (3 séries de 15-20 repetições)\n* **Abdome:**\n    * Plank (3 séries de 30-60 segundos)\n    * Side Plank (3 séries de 30-60 segundos por lado)\n\n**Sábado:**\n\n* **Descanso**\n\n**Domingo:**\n\n* **Descanso ativo:** Caminhada leve de 30-45 minutos ou treino aeróbico de baixa intensidade (bicicleta, esteira)\n\n**Recomendações:**\n\n* Ajuste a carga de acordo com sua capacidade.\n* Faça aquecimento antes de cada treino e alongamento após.\n* Beba bastante água ao longo do dia.\n* Alimente-se de forma saudável para otimizar os resultados.\n* Consulte um profissional de saúde para avaliar sua condição física e receber orientação personalizada.\n\n**Observação:**\n\n* Este é um exemplo de treino, ele pode ser adaptado de acordo com as suas necessidades e preferências.\n* Acompanhamento de um profissional de educação física é fundamental para um treino eficaz e seguro.""","""{""""Qual o seu genêro?"""":""""Masculino"""",""""Com que frequência você gostaria de treinar por semana?"""":""""5 vezes por semana"""",""""Quanto tempo você tem disponível para cada treino?"""":""""30 a 45 minutos"""",""""Qual período do dia você prefere treinar?"""":""""Tarde"""",""""Qual é o seu objetivo principal no momento?"""":""""Perda de gordura"""",""""Você tem preferência por algum tipo de treino específico?"""":""""Treino de força"""",""""Qual é o seu nível atual de condicionamento físico?"""":""""Ativo ocasionalmente"""",""""Você prefere treinar com:"""":""""Máquinas"""",""""Você possui algum equipamento disponível para treinar?"""":""""Máquina de musculação"""",""""Você gostaria de incluir exercícios aeróbicos no seu treino?"""":""""Sim, mas com baixa prioridade"""",""""Você tem alguma restrição médica que limite a prática de exercícios físicos?"""":""""Não""""}""","2024-11-12T03:07:07.788Z"
"dddf6406-da65-478f-ba78-11110630a614","""Desculpe, mas não consigo criar um treino de musculação personalizado com base nas informações fornecidas. \n\nPara te ajudar a criar um treino adequado, preciso de mais informações sobre você, como:\n\n* **Seu objetivo**:  Você quer ganhar massa muscular, perder peso, melhorar a força, ou algo mais?\n* **Seu nível de experiência**:  Você é iniciante, intermediário ou avançado? \n* **Seu histórico de treino**: Você já treinou musculação antes? Se sim, com que frequência e intensidade?\n* **Suas restrições**: Você tem alguma lesão, condição médica ou limitação física que devo considerar?\n* **Seu acesso a equipamentos**: Você tem acesso a uma academia, ou irá treinar em casa?\n* **Sua disponibilidade**:  Quantos dias por semana você pode treinar? \n\nCom essas informações, posso criar um treino de musculação personalizado que seja seguro, eficaz e adaptado às suas necessidades. \n""","""{""""undefined"""":""""Não""""}""","2024-11-12T02:42:49.800Z"
"181cef5d-8d9f-4718-876e-b8f5d4f4b061","""Parece que você está tentando me dar um comando, mas o valor """"Manter a motivação"""" é um pouco vago. Para poder te ajudar melhor, preciso entender o que você quer que eu faça com essa informação. \n\nPor exemplo:\n\n* **Você quer que eu explique como manter a motivação?**\n* **Você quer que eu te dê dicas de como manter a motivação?**\n* **Você quer que eu te ajude a encontrar recursos para manter a motivação?**\n\nPor favor, me dê mais contexto para que eu possa te ajudar da melhor forma possível. \n""","""{""""undefined"""":""""Manter a motivação""""}""","2024-11-12T02:24:38.335Z"
"3f796203-83ab-4a12-a7f7-ddaeac27b112","""## Treino de Hipertrofia Personalizado - 4x por semana (Noite)\n\n**Objetivo:** Ganho de massa muscular com foco em força.\n\n**Nível:** Ativo ocasionalmente.\n\n**Duração:** Mais de 1 hora por treino.\n\n**Frequência:** 4 vezes por semana, preferencialmente à noite.\n\n**Equipamentos:** Acesso completo à academia.\n\n**Exercícios:**\n\n**Dia 1 - Peito e Tríceps:**\n\n* **Peito:**\n    * Supino Inclinado com Halteres (3 séries de 8-12 repetições)\n    * Crucifixo Inclinado com Halteres (3 séries de 10-15 repetições)\n    * Flexões (3 séries de falha muscular)\n* **Tríceps:**\n    * Testada (3 séries de 8-12 repetições)\n    * Triceps Francês (3 séries de 10-15 repetições)\n    * Mergulhos (3 séries de falha muscular)\n* **Aeróbico:** 20 minutos de caminhada leve na esteira ou bicicleta.\n\n**Dia 2 - Costas e Bíceps:**\n\n* **Costas:**\n    * Remada Baixa com Halteres (3 séries de 8-12 repetições)\n    * Puxada Alta (3 séries de 10-15 repetições)\n    * Remada Unilateral (3 séries de 8-12 repetições)\n* **Bíceps:**\n    * Rosca Direta com Halteres (3 séries de 8-12 repetições)\n    * Rosca Alternada com Halteres (3 séries de 10-15 repetições)\n    * Rosca Concentrada (3 séries de falha muscular)\n* **Aeróbico:** 20 minutos de caminhada leve na esteira ou bicicleta.\n\n**Dia 3 - Pernas e Ombros:**\n\n* **Pernas:**\n    * Agachamento Livre (3 séries de 8-12 repetições)\n    * Leg Press (3 séries de 10-15 repetições)\n    * Step Up (3 séries de 15-20 repetições)\n* **Ombros:**\n    * Desenvolvimento com Halteres (3 séries de 8-12 repetições)\n    * Elevação Lateral com Halteres (3 séries de 10-15 repetições)\n    * Remada Alta (3 séries de 10-15 repetições)\n* **Aeróbico:** 20 minutos de caminhada leve na esteira ou bicicleta.\n\n**Dia 4 - Descanso:**\n\n* **Recomendações:** Alongamento leve, atividades relaxantes, boa noite de sono.\n\n**Observações:**\n\n* Utilize a técnica correta em todos os exercícios para evitar lesões.\n* Ajuste o peso de acordo com sua capacidade, garantindo que você consiga executar o movimento com boa forma.\n* Descanse entre 60 e 90 segundos entre as séries.\n* Beba bastante água antes, durante e após os treinos.\n* Alimente-se adequadamente para promover a recuperação muscular e o crescimento.\n* Este plano é apenas uma sugestão inicial, você poderá ajustá-lo de acordo com seus progressos e preferências.\n\n**Importante:** É fundamental consultar um profissional de saúde ou um personal trainer qualificado para obter um plano de treino personalizado e adequado às suas necessidades e objetivos. \n""","""{""""Qual o seu genêro?"""":""""Masculino"""",""""Com que frequência você gostaria de treinar por semana?"""":""""4 vezes por semana"""",""""Quanto tempo você tem disponível para cada treino?"""":""""Mais de 1 hora"""",""""Qual período do dia você prefere treinar?"""":""""Noite"""",""""Qual é o seu objetivo principal no momento?"""":""""Hipertrofia (ganho de massa muscular)"""",""""Você tem preferência por algum tipo de treino específico?"""":""""Treino de força"""",""""Qual é o seu nível atual de condicionamento físico?"""":""""Ativo ocasionalmente"""",""""Você prefere treinar com:"""":""""Uma combinação de todos"""",""""Você possui algum equipamento disponível para treinar?"""":""""Acesso completo a uma academia"""",""""Você gostaria de incluir exercícios aeróbicos no seu treino?"""":""""Sim, mas com baixa prioridade"""",""""Você tem alguma restrição médica que limite a prática de exercícios físicos?"""":""""Não""""}""","2024-11-12T02:52:56.460Z"
"ac708d39-bed0-48ec-bf76-0d6d4e7332a6","""Parece que você está tentando me dar uma pista para gerar algum texto. \n\nPara que eu possa te ajudar a gerar algo sobre """"Manter a motivação"""", preciso de mais informações. Por exemplo:\n\n* **Qual o contexto?** Você quer um texto sobre como se manter motivado para **estudar**, **trabalhar**, **fazer exercícios**, **atingir metas**, etc.?\n* **Que tipo de texto você quer?** Um artigo, um poema, um guia, um discurso motivacional, etc.?\n* **Qual o público alvo?** Você está escrevendo para **adultos**, **crianças**, **pessoas com dificuldades**, etc.?\n\nCom mais informações, posso te ajudar a gerar um texto interessante e útil sobre como manter a motivação. \n""","""{""""undefined"""":""""Manter a motivação""""}""","2024-11-12T02:07:47.291Z"
"47b93c6b-228f-47ed-8d3f-7949718f240c","""Parece que você está pedindo ajuda para manter a motivação, mas o que você quer dizer com """"Manter a motivação""""?  \n\nPara te ajudar melhor, preciso de mais informações. Você pode me dizer:\n\n* **Em que área você precisa se manter motivado?** (trabalho, estudos, exercícios, hobbies, etc.)\n* **Quais são os seus objetivos?** \n* **Quais são as suas dificuldades em manter a motivação?**\n\nCom mais informações, posso oferecer dicas e estratégias personalizadas para te ajudar a manter a motivação! \n""","""{""""undefined"""":""""Manter a motivação""""}""","2024-11-12T01:45:15.959Z"
"5dd948ce-10e2-4a5e-b95f-1a701719a9d1","""## Treino de Musculação Personalizado - Hipertrofia\n\n**Olá!** Com base nas suas preferências e objetivos, preparei um treino de musculação focado na hipertrofia, com 3 sessões semanais de 30 a 45 minutos, utilizando halteres e barras. \n\n**Frequência:** 3 vezes por semana (exemplo: segunda, quarta e sexta)\n\n**Duração:** 30 a 45 minutos por sessão\n\n**Prioridade:** Treino de força com foco na hipertrofia, incluindo exercícios aeróbicos de alta intensidade.\n\n**Equipamentos:** Halteres, barras, banco de musculação (opcional).\n\n**Importante:**\n\n* Aqueça por 5-10 minutos antes de cada treino com exercícios leves como caminhada, bicicleta ou rotação de membros.\n* Faça 3 séries de 8 a 12 repetições para cada exercício, com descanso de 60 segundos entre as séries.\n* Ajuste o peso de acordo com a sua capacidade, buscando o """"failure"""" (falha muscular) na última repetição da última série.\n* Concentre-se na técnica correta e na contração muscular durante todo o movimento.\n* Ouça seu corpo e faça pausas quando necessário.\n* Beba bastante água durante e após o treino.\n* Ajuste este treino de acordo com o seu progresso e necessidades.\n\n**Exemplo de Treino:**\n\n**Dia 1: Peito, Triceps e Ombro**\n\n* **Peito:**\n    * Supino Inclinado com Halteres: 3 séries de 8-12 repetições\n    * Flexões: 3 séries de 8-12 repetições (ou até a falha)\n* **Triceps:**\n    * Triceps Testa com Halteres: 3 séries de 8-12 repetições\n    * Mergulho: 3 séries de 8-12 repetições (ou até a falha)\n* **Ombro:**\n    * Desenvolvimento com Halteres: 3 séries de 8-12 repetições\n    * Elevação Lateral com Halteres: 3 séries de 8-12 repetições\n    * Elevação Frontal com Halteres: 3 séries de 8-12 repetições\n\n**Dia 2: Costas, Biceps e Antebraço**\n\n* **Costas:**\n    * Remada Curvada com Barra: 3 séries de 8-12 repetições\n    * Remada Inclinada com Halteres: 3 séries de 8-12 repetições\n    * Pull-ups (ou Remada Baixa com Barra): 3 séries de 8-12 repetições (ou até a falha)\n* **Biceps:**\n    * Rosca Direta com Halteres: 3 séries de 8-12 repetições\n    * Rosca Inversa com Halteres: 3 séries de 8-12 repetições\n    * Rosca Concentrada com Halteres: 3 séries de 8-12 repetições\n* **Antebraço:**\n    * Flexões de Punho: 3 séries de 15-20 repetições\n    * Extensões de Punho: 3 séries de 15-20 repetições\n\n**Dia 3: Pernas e Abdômen**\n\n* **Pernas:**\n    * Agachamento Livre: 3 séries de 8-12 repetições\n    * Lunges (afundos): 3 séries de 8-12 repetições por perna\n    * Leg Press: 3 séries de 8-12 repetições\n* **Abdômen:**\n    * Abdominal Reto: 3 séries de 15-20 repetições\n    * Abdominal Obliquo: 3 séries de 15-20 repetições por lado\n    * Prancha: 3 séries de 30-60 segundos\n* **Exercício Aeróbico de Alta Intensidade:**\n    * Corrida (30 minutos, com intensidade moderada a alta)\n    * HIIT (30 minutos, com intervalos de alta intensidade)\n    * Natação (30 minutos, com intensidade moderada)\n\n**Sugestões:**\n\n* **Progressão:** Aumente o peso gradualmente ou o número de repetições a cada semana, buscando sempre o """"failure"""" na última repetição.\n* **Descanso:** Descanse pelo menos 1 minuto entre os exercícios e 2 minutos entre os treinos.\n* **Dieta:** Uma dieta rica em proteínas e carboidratos complexos é essencial para a hipertrofia muscular.\n* **Hidratação:** Beba bastante água antes, durante e após o treino.\n* **Monitoramento:** Anote seu progresso e faça ajustes no treino conforme necessário.\n\n**Lembre-se:** Este treino é apenas um exemplo, e pode precisar ser adaptado para suas necessidades específicas. Consulte um profissional de saúde ou um personal trainer para um plano de treinamento individualizado. Boa sorte com seus treinos!""","""{""""method"""":""""POST"""",""""payload"""":{""""Qual o seu gênero?"""":""""Masculino"""",""""Com que frequência você gostaria de treinar por semana?"""":""""3 vezes por semana"""",""""Quanto tempo você tem disponível para cada treino?"""":""""30 a 45 minutos"""",""""Qual período do dia você prefere treinar?"""":""""Manhã"""",""""Qual é o seu objetivo principal no momento?"""":""""Hipertrofia (ganho de massa muscular)"""",""""Você tem preferência por algum tipo de treino específico?"""":""""Treino de força"""",""""Qual é o seu nível atual de condicionamento físico?"""":""""Moderadamente ativo"""",""""Você prefere treinar com:"""":""""Peso livre (halteres, barras)"""",""""Você possui algum equipamento disponível para treinar?"""":""""Halteres e barras"""",""""Você gostaria de incluir exercícios aeróbicos no seu treino?"""":""""Sim, com alta prioridade"""",""""Você tem alguma restrição médica que limite a prática de exercícios físicos?"""":""""Não""""}}""","2024-11-12T02:45:47.196Z"
"5e814c4d-86f9-4ed8-a1fd-4f16ac7d5a8b","""## Treino de Hipertrofia Personalizado - 5x por semana (Manhã)\n\n**Objetivo:** Ganho de massa muscular com foco em força.\n\n**Nível:** Moderadamente ativo.\n\n**Duração:** Mais de 1 hora por sessão.\n\n**Frequência:** 5 vezes por semana.\n\n**Equipamentos:** Acesso completo a uma academia.\n\n**Prioridade:** Treino de força, com exercícios aeróbicos de baixa prioridade.\n\n**Estrutura do Treino:**\n\n**Dia 1: Peito & Tríceps**\n\n* **Aquecimento:** 5 minutos de caminhada leve na esteira + 5 minutos de mobilidade articular.\n* **Peito:**\n    * Supino Inclinado com Halteres (3 séries de 8-12 repetições)\n    * Supino Reto com Barra (3 séries de 8-12 repetições)\n    * Crucifixo Inclinado com Halteres (3 séries de 10-15 repetições)\n    * Flexões (3 séries de falha muscular)\n* **Tríceps:**\n    * Triceps Testa (3 séries de 8-12 repetições)\n    * Triceps Francês com Barra (3 séries de 8-12 repetições)\n    * Mergulho (3 séries de 10-15 repetições)\n* **Abdominais:**\n    * Prancha (3 séries de 30-60 segundos)\n    * Abdominal Reto (3 séries de 15-20 repetições)\n* **Cardio (opcional):** 20 minutos de esteira com inclinação leve ou bicicleta.\n* **Alongamento:** 5 minutos de alongamento dinâmico.\n\n**Dia 2: Costas & Biceps**\n\n* **Aquecimento:** 5 minutos de caminhada leve na esteira + 5 minutos de mobilidade articular.\n* **Costas:**\n    * Remada Curvada com Barra (3 séries de 8-12 repetições)\n    * Remada Baixa com Halteres (3 séries de 8-12 repetições)\n    * Pullover com Halteres (3 séries de 10-15 repetições)\n    * Remada Unilateral (3 séries de 10-15 repetições por lado)\n* **Biceps:**\n    * Rosca Direta com Barra (3 séries de 8-12 repetições)\n    * Rosca Alternada com Halteres (3 séries de 8-12 repetições)\n    * Rosca Concentrada (3 séries de 10-15 repetições)\n* **Abdominais:**\n    * Elevação de Perna (3 séries de 15-20 repetições)\n    * Crunch Invertido (3 séries de 15-20 repetições)\n* **Cardio (opcional):** 20 minutos de esteira com inclinação leve ou bicicleta.\n* **Alongamento:** 5 minutos de alongamento dinâmico.\n\n**Dia 3: Perna & Ombro**\n\n* **Aquecimento:** 5 minutos de caminhada leve na esteira + 5 minutos de mobilidade articular.\n* **Perna:**\n    * Agachamento Livre (3 séries de 8-12 repetições)\n    * Leg Press (3 séries de 8-12 repetições)\n    * Extensão de Perna (3 séries de 10-15 repetições)\n    * Flexão de Perna (3 séries de 10-15 repetições)\n* **Ombro:**\n    * Desenvolvimento com Halteres (3 séries de 8-12 repetições)\n    * Elevação Lateral com Halteres (3 séries de 10-15 repetições)\n    * Elevação Frontal com Halteres (3 séries de 10-15 repetições)\n* **Abdominais:**\n    * Abdominal Obliquo (3 séries de 15-20 repetições por lado)\n    * Russian Twist (3 séries de 15-20 repetições)\n* **Cardio (opcional):** 20 minutos de esteira com inclinação leve ou bicicleta.\n* **Alongamento:** 5 minutos de alongamento dinâmico.\n\n**Dias 4 e 5:** Descanso ou Treino Leve\n\n* **Dia 4:** Descanso completo ou treino leve de cardio (30 minutos de caminhada leve).\n* **Dia 5:** Descanso completo ou treino leve de corpo inteiro com foco em mobilidade e flexibilidade.\n\n**Recomendações:**\n\n* **Progressão:** Aumente o peso ou a intensidade dos exercícios gradualmente à medida que você se sentir mais forte.\n* **Repouso:** Descanse por 1-2 minutos entre as séries.\n* **Dieta:** Mantenha uma dieta rica em proteínas e carboidratos complexos para promover o crescimento muscular.\n* **Hidratação:** Beba bastante água ao longo do dia.\n* **Ouça seu corpo:** Se você sentir dor, pare de fazer o exercício e consulte um profissional de saúde.\n\n**Observações:**\n\n* Este é um plano de treino personalizado, mas pode precisar ser ajustado de acordo com suas necessidades e progressos.\n* É fundamental consultar um profissional de saúde antes de iniciar qualquer programa de exercícios.\n* Este plano de treino é apenas uma sugestão, procure um personal trainer experiente para um plano mais específico e detalhado.""","""{""""Qual o seu genêro?"""":""""Masculino"""",""""Com que frequência você gostaria de treinar por semana?"""":""""5 vezes por semana"""",""""Quanto tempo você tem disponível para cada treino?"""":""""Mais de 1 hora"""",""""Qual período do dia você prefere treinar?"""":""""Manhã"""",""""Qual é o seu objetivo principal no momento?"""":""""Hipertrofia (ganho de massa muscular)"""",""""Você tem preferência por algum tipo de treino específico?"""":""""Treino de força"""",""""Qual é o seu nível atual de condicionamento físico?"""":""""Moderadamente ativo"""",""""Você prefere treinar com:"""":""""Uma combinação de todos"""",""""Você possui algum equipamento disponível para treinar?"""":""""Acesso completo a uma academia"""",""""Você gostaria de incluir exercícios aeróbicos no seu treino?"""":""""Sim, mas com baixa prioridade"""",""""Você tem alguma restrição médica que limite a prática de exercícios físicos?"""":""""Não""""}""","2024-11-12T03:04:44.047Z"
"48a3d261-779a-471e-bb46-fbbf7866d361","""## Treino Funcional Personalizado - 5 vezes por semana (menos de 30min)\n\n**Objetivo:** Melhora do condicionamento físico\n\n**Nível:** Sedentário\n\n**Equipamento:** Halteres e barras\n\n**Prioridade:** Exercícios aeróbicos\n\n**Dias da semana:** Segunda, Terça, Quarta, Quinta, Sexta (ajuste de acordo com sua disponibilidade)\n\n**Duração:** Menos de 30 minutos por sessão\n\n**Aquecimento (5 minutos):**\n\n* **Mobilidade Dinâmica:** Rotação de quadril, agachamento com elevação de joelhos, rotações de ombros, swings de braço.\n\n**Treino (15 minutos):**\n\n* **Circuito 1 (3 rounds):**\n    * **Agachamento com halteres:** 10-12 repetições\n    * **Flexões de braço:** 8-10 repetições\n    * **Remada com barra:** 8-10 repetições\n    * **Flexões de bíceps com halteres:** 10-12 repetições\n    * **Remada unilateral com halteres:** 8-10 repetições por lado\n    * **Prancha:** 30 segundos\n\n* **Circuito 2 (3 rounds):**\n    * **Burpees:** 10-12 repetições\n    * **Flexões de braço com pés elevados:** 8-10 repetições\n    * **Deadlift com barra:** 8-10 repetições\n    * **Elevação lateral com halteres:** 10-12 repetições\n    * **Pull-ups (opcional, utilize uma barra de pull-ups):** 5-8 repetições\n    * **Prancha lateral:** 30 segundos por lado\n\n**Exercícios aeróbicos (10 minutos):**\n\n* **Corrida na esteira, bicicleta, ou jump rope:** Ajuste a intensidade para manter a frequência cardíaca elevada por 10 minutos.\n\n**Alongamento (5 minutos):**\n\n* Alongue os principais grupos musculares trabalhados durante o treino, segurando cada posição por 30 segundos.\n\n**Observações:**\n\n* Utilize o peso adequado para cada exercício, garantindo a execução correta e desafiando seus músculos.\n* Concentre-se na técnica durante os exercícios, priorizando a qualidade sobre a quantidade.\n* Aumente gradualmente o peso e o número de repetições à medida que sua força e resistência aumentarem.\n* Ajuste a intensidade dos exercícios aeróbicos de acordo com seu nível de condicionamento físico e preferências.\n* É importante variar os exercícios e o tipo de treino para evitar o platô e garantir um treino completo.\n\n**Recomendações:**\n\n* Consulte um profissional de saúde antes de iniciar qualquer programa de exercícios.\n* Beba bastante água durante o treino.\n* Descanse adequadamente após cada treino.\n* Ouça seu corpo e faça pausas quando necessário.\n* Divirta-se e tenha um ótimo treino!\n\n**Este é apenas um exemplo de treino.**  É fundamental que você personalize seu treino de acordo com suas necessidades e objetivos, buscando orientação de um profissional de educação física.""","""{""""Qual o seu genêro?"""":""""Masculino"""",""""Com que frequência você gostaria de treinar por semana?"""":""""5 vezes por semana"""",""""Quanto tempo você tem disponível para cada treino?"""":""""Menos de 30 minutos"""",""""Qual período do dia você prefere treinar?"""":""""Noite"""",""""Qual é o seu objetivo principal no momento?"""":""""Melhora do condicionamento físico"""",""""Você tem preferência por algum tipo de treino específico?"""":""""Treino funcional"""",""""Qual é o seu nível atual de condicionamento físico?"""":""""Sedentário"""",""""Você prefere treinar com:"""":""""Peso livre (halteres, barras)"""",""""Você possui algum equipamento disponível para treinar?"""":""""Halteres e barras"""",""""Você gostaria de incluir exercícios aeróbicos no seu treino?"""":""""Sim, com alta prioridade"""",""""Você tem alguma restrição médica que limite a prática de exercícios físicos?"""":""""Não""""}""","2024-11-12T14:13:40.395Z"
"b7c89567-daf2-46d1-a407-dcc84b2166e7","""## Manter a Motivação: Um guia para manter o ânimo e a vontade de ir em frente\n\nÉ normal sentir a motivação diminuir de vez em quando. Mas, manter a chama acesa é essencial para alcançar seus objetivos e ter uma vida mais feliz e produtiva. \n\nAqui estão algumas dicas para manter a motivação:\n\n**1. Defina metas claras e realistas:**\n\n* **Objetivos específicos e mensuráveis:** Detalhe o que você quer alcançar e como medir seu progresso. \n* **Metas alcançáveis:** Seus objetivos devem ser desafiadores, mas não impossíveis.\n* **Prazo definido:** Defina datas para concluir suas tarefas, criando um senso de urgência.\n* **Priorize:** Concentre-se nos objetivos mais importantes e deixe os menos importantes para depois.\n\n**2. Divida tarefas grandes em etapas menores:**\n\n* **Quebre o gigante:** Divida grandes projetos em tarefas menores e mais gerenciáveis.\n* **Comece pelo fácil:** Comece com as tarefas mais simples para ganhar impulso.\n* **Celebre cada etapa:** Reconheça e celebre cada etapa concluída, motivando-se a continuar.\n\n**3. Encontre um propósito:**\n\n* **Por que você faz isso?** Descubra o motivo por trás de seus objetivos, conectando-os com seus valores e paixões.\n* **Significância:** Perceba o impacto positivo que alcançar seus objetivos terá em sua vida e no mundo.\n* **Inspiração:** Busque inspiração em pessoas que já alcançaram seus objetivos e aprenda com suas histórias.\n\n**4. Crie um ambiente positivo:**\n\n* **Rodeie-se de pessoas que te motivam:** Interaja com pessoas que te apoiam e te inspiram a seguir em frente.\n* **Evite pessoas negativas:** Limite o contato com pessoas que te desanimam ou te colocam para baixo.\n* **Mantenha um ambiente de trabalho organizado e agradável:** Um ambiente organizado e inspirador aumenta a produtividade e a motivação.\n\n**5. Pratique a autocompaixão:**\n\n* **Não se critique:** Se você errar, aprenda com o erro e siga em frente.\n* **Seja gentil consigo mesmo:** Incentive-se e reconheça seus esforços e progressos.\n* **Busque apoio:** Converse com amigos, familiares ou um profissional caso esteja se sentindo sobrecarregado.\n\n**6. Cuide da sua saúde física e mental:**\n\n* **Alimentação saudável:** Uma dieta equilibrada fornece energia e vitalidade.\n* **Exercícios físicos:** O exercício libera endorfina, melhorando o humor e a autoestima.\n* **Descanso suficiente:** Dormir bem é essencial para o funcionamento do corpo e da mente.\n* **Pratique mindfulness:** A meditação e outras técnicas de relaxamento ajudam a reduzir o estresse e aumentar a clareza mental.\n\n**7. Use a tecnologia a seu favor:**\n\n* **Aplicativos de produtividade:** Use aplicativos para organizar tarefas, definir metas e acompanhar o progresso.\n* **Plataformas de aprendizado:** Explore plataformas online para adquirir novos conhecimentos e habilidades.\n* **Comunidades online:** Conecte-se com pessoas que compartilham seus interesses e objetivos.\n\n**Lembre-se:** a motivação é um processo contínuo que exige esforço e atenção. Utilize as dicas acima e encontre o que funciona melhor para você.\n""","{""undefined"":{""S"":""Manter a motivação""}}","2024-11-12T01:37:40.636Z"
"1cc00a13-ba41-4236-9726-2e06410af6bd","""Entendo que você quer dicas para manter a motivação nos treinos! É normal ter altos e baixos, mas existem muitas estratégias para manter o foco e a vontade de ir para a academia. \n\nPara te ajudar, preciso entender melhor sua situação. Me fale um pouco sobre você:\n\n* **Qual é o seu objetivo principal com o treino?** Perder peso, ganhar massa muscular, melhorar a resistência?\n* **Há quanto tempo você treina?** Você é iniciante, intermediário ou avançado?\n* **O que te motiva a treinar?** É a sensação de bem-estar, a busca por resultados, o convívio com outras pessoas na academia?\n* **Quais são seus maiores desafios para manter a motivação?** Falta de tempo, de energia, de resultados?\n\nCom essas informações, posso te ajudar com dicas personalizadas para manter a motivação no treino, como:\n\n* **Criar um plano realista e prazeroso:** Definir metas alcançáveis, variar os exercícios, incluir atividades que você gosta.\n* **Encontrar um parceiro de treino:** Ter alguém para te incentivar e te acompanhar nas sessões.\n* **Celebrar os seus sucessos:** Reconhecer os seus progressos, por menores que sejam, para manter a autoestima e a vontade de continuar.\n* **Mudar a sua mentalidade:** Foco nos benefícios do treino, como saúde, bem-estar e disposição, e não apenas na aparência.\n\nEstou pronto para te ajudar a encontrar a sua motivação! \n""","""{""""undefined"""":""""Manter a motivação""""}""","2024-11-12T02:40:29.140Z"